{
    "center": [114.028140134, 22.472900679],
    "lightColor": "#FFF4D6",
    "lightDirection": [50, -30, 0],
    "terrainColor": "#FFFFFF",
    "terrainGeometrySize": [640, 640],
    "terrainCorners3857": [
        [12679881.570319263, 2560830.1529902862],
        [12707218.697355295, 2560830.1529902862],
        [12707218.697355295, 2575950.053680579],
        [12679881.570319263, 2575950.053680579]
    ],
    "terrainNormalY": 0.2,
    "waterGeometrySize": [640, 640],
    "waterCorners3857": [
        [12679908.694269724, 2560857.067962554],
        [12707198.042336278, 2560857.067962554],
        [12707198.042336278, 2575922.746308551],
        [12679908.694269724, 2575922.746308551]
    ],
    "foamMap": "./floods/Textures/Foam.png",
    "normalMap": "./floods/Textures/NormalMap.png",
    "displacementMap": "./floods/Textures/DisplacementMap.png",
    "heightNoiseMap": "./floods/Textures/HeightMap.png",
    "heightNoiseNormalMap": "./floods/Textures/HeightNormalMap.png",
    "rampMap": "./floods/Textures/RampMap.png",
    "durationTimeScale": 1.0,
    "waterNormalY": 0.2,
    "normalStrength": 10,
    "waterAlpha": 0.8,
    "minWaterDepth": 0.0,
    "maxWaterDepth": 5.0,
    "minWaterDepthAlpha": 0.1,
    "maxWaterDepthAlpha": 1.0,
    "swapTimeMinRange": 0.75,
    "swapTimeMaxRange": 1.0,
    "waterShallowColor": "#008BA7",
    "waterDeepColor": "#2E4A6D",
    "waterShallowAlpha": 0.65,
    "waterDeepAlpha": 0.89,
    "depthDensity": 3.0,
    "flowStrength": 1.0,
    "gridResolutionA": 52,
    "wavePeriodA": 1.578,
    "flowVelocityStrengthA": 0.562,
    "gridResolutionB": 60,
    "wavePeriodB": 1.36,
    "flowVelocityStrengthB": 0.512,
    "gridResolutionC": 58,
    "wavePeriodC": 1.66,
    "flowVelocityStrengthC": 0.678,
    "gridResolutionD": 54,
    "wavePeriodD": 2.54,
    "flowVelocityStrengthD": 0.602,
    "foamMinEdge": 0.25,
    "foamMaxEdge": 0.5,
    "foamVelocityMaskMinEdge": 0.05,
    "foamVelocityMaskMaxEdge": 0.2
}